uid;first name;last name;username;email;phone number;access allowed;hired since
1;Hyman;Abramzon;habramzon0;habramzon0@360.cn;7114147726;false;2006-11-23T04:07:56Z
2;Shelly;Bickell;sbickell1;sbickell1@unesco.org;2782199493;true;
3;Gustave;Doe;gdoe2;;5501019871;false;
4;Gaile;Baddiley;gbaddiley3;gbaddiley3@nydailynews.com;2797759177;true;2010-04-03T15:33:49Z
5;Dosi;Golsby;dgolsby4;dgolsby4@tripadvisor.com;;true;2019-02-05T23:33:30Z
6;Agnes;Puddephatt;apuddephatt5;;3029752604;false;2010-06-06T06:36:28Z
7;Arleta;Rhead;arhead6;arhead6@w3.org;3753195076;false;2013-01-08T12:53:27Z
8;Melamie;Plumridge;mplumridge7;mplumridge7@opensource.org;7821712960;false;2010-03-08T03:55:18Z
9;Nollie;Puve;npuve8;npuve8@clickbank.net;5123877191;false;2009-05-07T09:08:16Z
10;Mace;Faulder;mfaulder9;mfaulder9@columbia.edu;3956029963;true;2008-08-30T04:37:12Z
11;Francklin;Havelin;fhavelina;fhavelina@flavors.me;7868400968;true;2010-01-19T18:31:49Z
12;Kissiah;MacCarrick;kmaccarrickb;kmaccarrickb@deliciousdays.com;8664030911;true;2008-10-04T14:00:24Z
13;Harlin;McMennum;hmcmennumc;hmcmennumc@china.com.cn;7802262215;false;2020-10-21T18:23:30Z
14;Alyce;Clawson;aclawsond;aclawsond@hatena.ne.jp;2961709508;true;2009-08-16T02:30:56Z
15;Latrena;Sigmund;lsigmunde;lsigmunde@thetimes.co.uk;;false;2012-02-04T14:24:50Z
16;Maude;Goodwell;mgoodwellf;mgoodwellf@cdbaby.com;7288436786;true;2008-05-19T08:48:54Z
17;Orson;McKevin;omckeving;omckeving@naver.com;4663295902;true;
18;Yasmin;Antoniottii;yantoniottiih;yantoniottiih@indiegogo.com;1335388063;false;2009-03-29T23:42:04Z
19;Richie;Klimek;rklimeki;rklimeki@amazonaws.com;9322314197;true;2014-06-30T01:27:41Z
20;Emmie;Matsell;ematsellj;ematsellj@hugedomains.com;2411386844;false;2011-10-14T18:29:02Z
21;Tabbi;Trengrouse;ttrengrousek;ttrengrousek@bandcamp.com;;false;2010-01-16T01:49:08Z
22;Beilul;Hacquel;bhacquell;;;true;2012-01-07T11:59:11Z
23;Kimmi;Bread;kbreadm;;7046411838;true;
24;Saxon;Ramiro;sramiron;sramiron@shinystat.com;7141696735;false;2019-05-01T20:51:28Z
25;Ervin;Bridgen;ebridgeno;ebridgeno@github.io;7535044082;false;2006-11-23T07:57:12Z
26;Adrian;Eastment;aeastmentp;aeastmentp@census.gov;6198423741;false;2017-03-15T06:01:44Z
27;Yehudit;Hamblett;yhamblettq;yhamblettq@blogger.com;6479948221;true;2014-07-20T22:29:43Z
28;Sloan;Epelett;sepelettr;sepelettr@lulu.com;2447779488;;
29;Ettore;Gasker;egaskers;egaskers@discovery.com;1786619735;true;2012-07-08T03:37:10Z
30;Dalton;Igonet;digonett;digonett@cmu.edu;7247303752;true;
31;Denni;Wooder;dwooderu;dwooderu@loc.gov;;true;
32;Winona;Nathan;wnathanv;wnathanv@macromedia.com;6012194948;true;
33;Ethyl;Castleton;ecastletonw;ecastletonw@yandex.ru;7199518419;false;2013-03-04T08:30:31Z
34;Zollie;Rosenzwig;zrosenzwigx;zrosenzwigx@prweb.com;9892415658;;2013-06-23T10:58:46Z
35;Skell;Fields;sfieldsy;sfieldsy@delicious.com;1641079242;false;
36;Lina;Anniwell;lanniwellz;lanniwellz@seattletimes.com;9463248968;false;2010-03-04T08:41:24Z
37;Ursuline;Quiddihy;uquiddihy10;;5347337713;false;2015-05-26T08:34:28Z
38;Sallyann;Gibbonson;sgibbonson11;sgibbonson11@networksolutions.com;2737330442;true;2020-04-25T22:10:59Z
39;Hillier;Gedney;hgedney12;hgedney12@e-recht24.de;4541031409;false;2007-08-28T10:04:15Z
40;Dinah;Creenan;dcreenan13;dcreenan13@huffingtonpost.com;9154885609;false;2019-09-10T05:08:13Z
41;Berta;Noakes;bnoakes14;bnoakes14@nifty.com;;false;2018-08-09T23:16:30Z
42;Alfreda;Phipard-Shears;aphipardshears15;aphipardshears15@pbs.org;6751195233;true;2015-06-15T16:37:03Z
43;Bertrand;Pleager;bpleager16;bpleager16@illinois.edu;1919471979;false;2009-10-07T13:06:36Z
44;Minne;MacLaig;mmaclaig17;mmaclaig17@wordpress.com;9244482060;false;2010-04-15T09:37:03Z
45;Caressa;Gammack;cgammack18;cgammack18@ihg.com;3024821035;false;2008-08-30T00:06:32Z
46;Melony;Camplejohn;mcamplejohn19;;1192014639;true;2018-01-18T23:28:56Z
47;Felicio;Steketee;fsteketee1a;;8605728441;true;2010-03-30T10:19:46Z
48;Emlynn;Bree;ebree1b;ebree1b@nyu.edu;8273613480;false;2016-02-05T07:46:16Z
49;Brady;Bortoloni;bbortoloni1c;bbortoloni1c@wikipedia.org;9456484401;false;2014-06-02T19:31:42Z
50;Janette;Hyndes;jhyndes1d;jhyndes1d@globo.com;;false;2014-11-14T20:45:50Z
51;Barrie;Liccardi;bliccardi1e;bliccardi1e@ebay.com;7768536987;false;2007-04-09T17:26:49Z
52;Jamison;Darrel;jdarrel1f;;4855604874;false;2017-05-08T07:30:37Z
53;Vivyan;Welburn;vwelburn1g;vwelburn1g@naver.com;1627243667;false;2018-12-15T03:27:28Z
54;Eleen;Mickan;emickan1h;;;true;2012-03-18T05:05:24Z
55;Sam;Menichillo;smenichillo1i;;7707277674;true;2017-09-20T06:37:40Z
56;Roxi;Cobbold;rcobbold1j;rcobbold1j@latimes.com;2247334220;false;2014-02-21T19:18:35Z
57;Shane;Aylmore;saylmore1k;saylmore1k@engadget.com;;true;2011-01-06T15:37:02Z
58;Alyse;Gowthrop;agowthrop1l;agowthrop1l@hhs.gov;3189628895;false;2008-02-15T23:42:00Z
59;Kincaid;Bisiker;kbisiker1m;kbisiker1m@berkeley.edu;3457704842;;
60;Thornton;Emmitt;temmitt1n;temmitt1n@dropbox.com;7612988935;true;2007-10-28T05:06:55Z
61;Thatcher;Gilluley;tgilluley1o;tgilluley1o@va.gov;6167215589;true;2011-05-07T01:43:48Z
62;Abby;Bellenie;abellenie1p;;2655953139;true;2013-02-07T00:57:44Z
63;Rollin;Rizzini;rrizzini1q;rrizzini1q@chron.com;7731010051;true;2011-09-10T19:34:28Z
64;Garwood;Benedek;gbenedek1r;gbenedek1r@walmart.com;7193270881;false;2010-05-04T11:48:22Z
65;Jaquelin;Seiffert;jseiffert1s;jseiffert1s@phpbb.com;4227042719;false;2017-06-07T13:26:23Z
66;Valina;Unger;vunger1t;vunger1t@a8.net;3221349575;true;2014-02-27T23:52:24Z
67;Thornton;Birkbeck;tbirkbeck1u;tbirkbeck1u@google.co.uk;9924618373;false;2015-04-08T17:18:22Z
68;Zebulon;Macrow;zmacrow1v;zmacrow1v@dropbox.com;9181847507;false;2017-03-06T03:03:11Z
69;Cobb;Tucsell;ctucsell1w;ctucsell1w@issuu.com;5557532017;false;2009-11-12T00:44:24Z
70;Aristotle;Kennealy;akennealy1x;akennealy1x@latimes.com;5702694451;false;2013-02-24T08:38:57Z
71;Sidnee;Blondin;sblondin1y;;9827549401;false;
72;Carmon;McKimmey;cmckimmey1z;cmckimmey1z@woothemes.com;8047123174;true;2020-01-20T13:27:48Z
73;Arny;Glasspoole;aglasspoole20;aglasspoole20@vkontakte.ru;8206869787;false;2012-03-19T20:40:59Z
74;Daron;Greve;dgreve21;dgreve21@cisco.com;1107938642;true;2013-09-15T06:57:52Z
75;Tibold;Byer;tbyer22;tbyer22@prlog.org;2569340935;;2014-10-26T11:19:53Z
76;Aubrette;Sherme;asherme23;asherme23@unesco.org;9856278673;true;2017-12-28T01:03:46Z
77;Kellia;Di Maggio;kdimaggio24;kdimaggio24@tripadvisor.com;2439403871;true;
78;Titus;Lahiff;tlahiff25;tlahiff25@unc.edu;;false;2013-11-03T08:35:45Z
79;Hermann;Sutty;hsutty26;hsutty26@oakley.com;1097239494;false;2008-05-12T20:08:51Z
80;Georgianne;Nanuccioi;gnanuccioi27;gnanuccioi27@trellian.com;4729713490;true;2015-06-11T19:47:24Z
81;Rabbi;Sewell;rsewell28;rsewell28@newsvine.com;9109574703;true;2018-11-02T15:04:19Z
82;Leigha;Ewence;lewence29;lewence29@bbc.co.uk;6668658958;false;2011-01-20T06:55:18Z
83;Brigida;Ashelford;bashelford2a;bashelford2a@diigo.com;4463634624;false;2014-12-22T14:09:11Z
84;Margalo;Bartoszek;mbartoszek2b;mbartoszek2b@smugmug.com;7482702196;false;
85;Vivi;Moffett;vmoffett2c;vmoffett2c@google.pl;7012437092;true;2019-03-02T11:49:24Z
86;Farrand;Cave;fcave2d;fcave2d@washingtonpost.com;6783201929;true;
87;Loreen;Galtone;lgaltone2e;lgaltone2e@topsy.com;5901438392;true;2010-03-23T15:40:44Z
88;Desiri;Beeck;dbeeck2f;dbeeck2f@tinyurl.com;4174204222;true;2014-10-02T16:44:46Z
89;Davey;Burnes;dburnes2g;dburnes2g@deliciousdays.com;2119879134;false;
90;Gardy;Addicott;gaddicott2h;gaddicott2h@yolasite.com;3464219471;false;
91;Annadiana;Leatt;aleatt2i;aleatt2i@discuz.net;9295657614;false;2019-07-04T05:38:49Z
92;Clay;Cawker;ccawker2j;ccawker2j@who.int;5828208676;true;2009-06-13T15:14:39Z
93;Hasty;Crease;hcrease2k;;9342208723;true;2008-07-21T05:02:46Z
94;Heather;Mannagh;hmannagh2l;hmannagh2l@wikia.com;7617919023;false;
95;Modesta;Gecks;mgecks2m;mgecks2m@cnn.com;7309503060;false;2009-10-21T09:52:50Z
96;Dotti;Jestico;djestico2n;djestico2n@umn.edu;6167106956;false;2015-11-18T22:11:23Z
97;Modestine;Stainfield;mstainfield2o;mstainfield2o@sciencedaily.com;8637928592;false;
98;Raff;Checketts;rchecketts2p;;2788933669;true;
99;Erik;Oman;eoman2q;eoman2q@cdbaby.com;1472701463;false;2017-04-23T01:25:21Z
100;Micki;Stickles;mstickles2r;;8888404017;true;2020-06-11T06:07:51Z
